from;to;week;year;passengers
DE;AD;1;2016;0
DE;AD;2;2016;0
DE;AD;3;2016;0
DE;AD;4;2016;0
DE;AD;5;2016;0
DE;AD;6;2016;0
DE;AD;7;2016;0
DE;AD;8;2016;0
DE;AD;9;2016;0
DE;AD;10;2016;0
DE;AD;11;2016;0
DE;AD;12;2016;0
DE;AD;13;2016;0
DE;AD;14;2016;0
DE;AD;15;2016;0
DE;AD;16;2016;0
DE;AD;17;2016;0
DE;AD;18;2016;0
DE;AD;19;2016;0
DE;AD;20;2016;0
DE;AD;21;2016;0
DE;AD;22;2016;0
DE;AD;23;2016;0
DE;AD;24;2016;0
DE;AD;25;2016;0
DE;AD;26;2016;0
DE;AD;27;2016;0
DE;AD;28;2016;0
DE;AD;29;2016;0
DE;AD;30;2016;0
DE;AD;31;2016;0
DE;AD;32;2016;0
DE;AD;33;2016;0
DE;AD;34;2016;0
DE;AD;35;2016;0
DE;AD;36;2016;0
DE;AD;37;2016;0
DE;AD;38;2016;0
DE;AD;39;2016;0
DE;AD;40;2016;0
DE;AD;41;2016;0
DE;AD;42;2016;0
DE;AD;43;2016;0
DE;AD;44;2016;0
DE;AD;45;2016;0
DE;AD;46;2016;0
DE;AD;47;2016;0
DE;AD;48;2016;0
DE;AD;49;2016;0
DE;AD;50;2016;0
DE;AD;51;2016;0
DE;AD;52;2016;0
DE;AE;1;2016;525
DE;AE;2;2016;525
DE;AE;3;2016;525
DE;AE;4;2016;525
DE;AE;5;2016;525
DE;AE;6;2016;525
DE;AE;7;2016;525
DE;AE;8;2016;525
DE;AE;9;2016;525
DE;AE;10;2016;525
DE;AE;11;2016;525
DE;AE;12;2016;525
DE;AE;13;2016;525
DE;AE;14;2016;525
DE;AE;15;2016;525
DE;AE;16;2016;525
DE;AE;17;2016;525
DE;AE;18;2016;525
DE;AE;19;2016;525
DE;AE;20;2016;525
DE;AE;21;2016;525
DE;AE;22;2016;525
DE;AE;23;2016;525
DE;AE;24;2016;525
DE;AE;25;2016;525
DE;AE;26;2016;525
DE;AE;27;2016;525
DE;AE;28;2016;525
DE;AE;29;2016;525
DE;AE;30;2016;525
DE;AE;31;2016;525
DE;AE;32;2016;525
DE;AE;33;2016;525
DE;AE;34;2016;525
DE;AE;35;2016;525
DE;AE;36;2016;525
DE;AE;37;2016;525
DE;AE;38;2016;525
DE;AE;39;2016;525
DE;AE;40;2016;525
DE;AE;41;2016;525
DE;AE;42;2016;525
DE;AE;43;2016;525
DE;AE;44;2016;525
DE;AE;45;2016;525
DE;AE;46;2016;525
DE;AE;47;2016;525
DE;AE;48;2016;525
DE;AE;49;2016;525
DE;AE;50;2016;525
DE;AE;51;2016;525
DE;AE;52;2016;525
DE;AF;1;2016;0
DE;AF;2;2016;0
DE;AF;3;2016;0
DE;AF;4;2016;0
DE;AF;5;2016;0
DE;AF;6;2016;0
DE;AF;7;2016;0
DE;AF;8;2016;0
DE;AF;9;2016;0
DE;AF;10;2016;0
DE;AF;11;2016;0
DE;AF;12;2016;0
DE;AF;13;2016;0
DE;AF;14;2016;0
DE;AF;15;2016;0
DE;AF;16;2016;0
DE;AF;17;2016;0
DE;AF;18;2016;0
DE;AF;19;2016;0
DE;AF;20;2016;0
DE;AF;21;2016;0
DE;AF;22;2016;0
DE;AF;23;2016;0
DE;AF;24;2016;0
DE;AF;25;2016;0
DE;AF;26;2016;0
DE;AF;27;2016;0
DE;AF;28;2016;0
DE;AF;29;2016;0
DE;AF;30;2016;0
DE;AF;31;2016;0
DE;AF;32;2016;0
DE;AF;33;2016;0
DE;AF;34;2016;0
DE;AF;35;2016;0
DE;AF;36;2016;0
DE;AF;37;2016;0
DE;AF;38;2016;0
DE;AF;39;2016;0
DE;AF;40;2016;0
DE;AF;41;2016;0
DE;AF;42;2016;0
DE;AF;43;2016;0
DE;AF;44;2016;0
DE;AF;45;2016;0
DE;AF;46;2016;0
DE;AF;47;2016;0
DE;AF;48;2016;0
DE;AF;49;2016;0
DE;AF;50;2016;0
DE;AF;51;2016;0
DE;AF;52;2016;0
DE;AG;1;2016;0
DE;AG;2;2016;0
DE;AG;3;2016;0
DE;AG;4;2016;0
DE;AG;5;2016;0
DE;AG;6;2016;0
DE;AG;7;2016;0
DE;AG;8;2016;0
DE;AG;9;2016;0
DE;AG;10;2016;0
DE;AG;11;2016;0
DE;AG;12;2016;0
DE;AG;13;2016;0
DE;AG;14;2016;0
DE;AG;15;2016;0
DE;AG;16;2016;0
DE;AG;17;2016;0
DE;AG;18;2016;0
DE;AG;19;2016;0
DE;AG;20;2016;0
DE;AG;21;2016;0
DE;AG;22;2016;0
DE;AG;23;2016;0
DE;AG;24;2016;0
DE;AG;25;2016;0
DE;AG;26;2016;0
DE;AG;27;2016;0
DE;AG;28;2016;0
DE;AG;29;2016;0
DE;AG;30;2016;0
DE;AG;31;2016;0
DE;AG;32;2016;0
DE;AG;33;2016;0
DE;AG;34;2016;0
DE;AG;35;2016;0
DE;AG;36;2016;0
DE;AG;37;2016;0
DE;AG;38;2016;0
DE;AG;39;2016;0
DE;AG;40;2016;0
DE;AG;41;2016;0
DE;AG;42;2016;0
DE;AG;43;2016;0
DE;AG;44;2016;0
DE;AG;45;2016;0
DE;AG;46;2016;0
DE;AG;47;2016;0
DE;AG;48;2016;0
DE;AG;49;2016;0
DE;AG;50;2016;0
DE;AG;51;2016;0
DE;AG;52;2016;0
DE;AI;1;2016;0
DE;AI;2;2016;0
DE;AI;3;2016;0
DE;AI;4;2016;0
DE;AI;5;2016;0
DE;AI;6;2016;0
DE;AI;7;2016;0
DE;AI;8;2016;0
DE;AI;9;2016;0
DE;AI;10;2016;0
DE;AI;11;2016;0
DE;AI;12;2016;0
DE;AI;13;2016;0
DE;AI;14;2016;0
DE;AI;15;2016;0
DE;AI;16;2016;0
DE;AI;17;2016;0
DE;AI;18;2016;0
DE;AI;19;2016;0
DE;AI;20;2016;0
DE;AI;21;2016;0
DE;AI;22;2016;0
DE;AI;23;2016;0
DE;AI;24;2016;0
DE;AI;25;2016;0
DE;AI;26;2016;0
DE;AI;27;2016;0
DE;AI;28;2016;0
DE;AI;29;2016;0
DE;AI;30;2016;0
DE;AI;31;2016;0
DE;AI;32;2016;0
DE;AI;33;2016;0
DE;AI;34;2016;0
DE;AI;35;2016;0
DE;AI;36;2016;0
DE;AI;37;2016;0
DE;AI;38;2016;0
DE;AI;39;2016;0
DE;AI;40;2016;0
DE;AI;41;2016;0
DE;AI;42;2016;0
DE;AI;43;2016;0
DE;AI;44;2016;0
DE;AI;45;2016;0
DE;AI;46;2016;0
DE;AI;47;2016;0
DE;AI;48;2016;0
DE;AI;49;2016;0
DE;AI;50;2016;0
DE;AI;51;2016;0
DE;AI;52;2016;0
DE;AL;1;2016;105
DE;AL;2;2016;105
DE;AL;3;2016;105
DE;AL;4;2016;105
DE;AL;5;2016;105
DE;AL;6;2016;105
DE;AL;7;2016;105
DE;AL;8;2016;105
DE;AL;9;2016;105
DE;AL;10;2016;105
DE;AL;11;2016;105
DE;AL;12;2016;105
DE;AL;13;2016;105
DE;AL;14;2016;105
DE;AL;15;2016;105
DE;AL;16;2016;105
DE;AL;17;2016;105
DE;AL;18;2016;105
DE;AL;19;2016;105
DE;AL;20;2016;105
DE;AL;21;2016;105
DE;AL;22;2016;105
DE;AL;23;2016;105
DE;AL;24;2016;105
DE;AL;25;2016;105
DE;AL;26;2016;105
DE;AL;27;2016;105
DE;AL;28;2016;105
DE;AL;29;2016;105
DE;AL;30;2016;105
DE;AL;31;2016;105
DE;AL;32;2016;105
DE;AL;33;2016;105
DE;AL;34;2016;105
DE;AL;35;2016;105
DE;AL;36;2016;105
DE;AL;37;2016;105
DE;AL;38;2016;105
DE;AL;39;2016;105
DE;AL;40;2016;105
DE;AL;41;2016;105
DE;AL;42;2016;105
DE;AL;43;2016;105
DE;AL;44;2016;105
DE;AL;45;2016;105
DE;AL;46;2016;105
DE;AL;47;2016;105
DE;AL;48;2016;105
DE;AL;49;2016;105
DE;AL;50;2016;105
DE;AL;51;2016;105
DE;AL;52;2016;105
DE;AM;1;2016;0
DE;AM;2;2016;0
DE;AM;3;2016;0
DE;AM;4;2016;0
DE;AM;5;2016;0
DE;AM;6;2016;0
DE;AM;7;2016;0
DE;AM;8;2016;0
DE;AM;9;2016;0
DE;AM;10;2016;0
DE;AM;11;2016;0
DE;AM;12;2016;0
DE;AM;13;2016;0
DE;AM;14;2016;0
DE;AM;15;2016;0
DE;AM;16;2016;0
DE;AM;17;2016;0
DE;AM;18;2016;0
DE;AM;19;2016;0
DE;AM;20;2016;0
DE;AM;21;2016;0
DE;AM;22;2016;0
DE;AM;23;2016;0
DE;AM;24;2016;0
DE;AM;25;2016;0
DE;AM;26;2016;0
DE;AM;27;2016;0
DE;AM;28;2016;0
DE;AM;29;2016;0
DE;AM;30;2016;0
DE;AM;31;2016;0
DE;AM;32;2016;0
DE;AM;33;2016;0
DE;AM;34;2016;0
DE;AM;35;2016;0
DE;AM;36;2016;0
DE;AM;37;2016;0
DE;AM;38;2016;0
DE;AM;39;2016;0
DE;AM;40;2016;0
DE;AM;41;2016;0
DE;AM;42;2016;0
DE;AM;43;2016;0
DE;AM;44;2016;0
DE;AM;45;2016;0
DE;AM;46;2016;0
DE;AM;47;2016;0
DE;AM;48;2016;0
DE;AM;49;2016;0
DE;AM;50;2016;0
DE;AM;51;2016;0
DE;AM;52;2016;0
DE;AO;1;2016;0
DE;AO;2;2016;0
DE;AO;3;2016;0
DE;AO;4;2016;0
DE;AO;5;2016;0
DE;AO;6;2016;0
DE;AO;7;2016;0
DE;AO;8;2016;0
DE;AO;9;2016;0
DE;AO;10;2016;0
DE;AO;11;2016;0
DE;AO;12;2016;0
DE;AO;13;2016;0
DE;AO;14;2016;0
DE;AO;15;2016;0
DE;AO;16;2016;0
DE;AO;17;2016;0
DE;AO;18;2016;0
DE;AO;19;2016;0
DE;AO;20;2016;0
DE;AO;21;2016;0
DE;AO;22;2016;0
DE;AO;23;2016;0
DE;AO;24;2016;0
DE;AO;25;2016;0
DE;AO;26;2016;0
DE;AO;27;2016;0
DE;AO;28;2016;0
DE;AO;29;2016;0
DE;AO;30;2016;0
DE;AO;31;2016;0
DE;AO;32;2016;0
DE;AO;33;2016;0
DE;AO;34;2016;0
DE;AO;35;2016;0
DE;AO;36;2016;0
DE;AO;37;2016;0
DE;AO;38;2016;0
DE;AO;39;2016;0
DE;AO;40;2016;0
DE;AO;41;2016;0
DE;AO;42;2016;0
DE;AO;43;2016;0
DE;AO;44;2016;0
DE;AO;45;2016;0
DE;AO;46;2016;0
DE;AO;47;2016;0
DE;AO;48;2016;0
DE;AO;49;2016;0
DE;AO;50;2016;0
DE;AO;51;2016;0
DE;AO;52;2016;0
DE;AQ;1;2016;0
DE;AQ;2;2016;0
DE;AQ;3;2016;0
DE;AQ;4;2016;0
DE;AQ;5;2016;0
DE;AQ;6;2016;0
DE;AQ;7;2016;0
DE;AQ;8;2016;0
DE;AQ;9;2016;0
DE;AQ;10;2016;0
DE;AQ;11;2016;0
DE;AQ;12;2016;0
DE;AQ;13;2016;0
DE;AQ;14;2016;0
DE;AQ;15;2016;0
DE;AQ;16;2016;0
DE;AQ;17;2016;0
DE;AQ;18;2016;0
DE;AQ;19;2016;0
DE;AQ;20;2016;0
DE;AQ;21;2016;0
DE;AQ;22;2016;0
DE;AQ;23;2016;0
DE;AQ;24;2016;0
DE;AQ;25;2016;0
DE;AQ;26;2016;0
DE;AQ;27;2016;0
DE;AQ;28;2016;0
DE;AQ;29;2016;0
DE;AQ;30;2016;0
DE;AQ;31;2016;0
DE;AQ;32;2016;0
DE;AQ;33;2016;0
DE;AQ;34;2016;0
DE;AQ;35;2016;0
DE;AQ;36;2016;0
DE;AQ;37;2016;0
DE;AQ;38;2016;0
DE;AQ;39;2016;0
DE;AQ;40;2016;0
DE;AQ;41;2016;0
DE;AQ;42;2016;0
DE;AQ;43;2016;0
DE;AQ;44;2016;0
DE;AQ;45;2016;0
DE;AQ;46;2016;0
DE;AQ;47;2016;0
DE;AQ;48;2016;0
DE;AQ;49;2016;0
DE;AQ;50;2016;0
DE;AQ;51;2016;0
DE;AQ;52;2016;0
DE;AR;1;2016;0
DE;AR;2;2016;0
DE;AR;3;2016;0
DE;AR;4;2016;0
DE;AR;5;2016;0
DE;AR;6;2016;0
DE;AR;7;2016;0
DE;AR;8;2016;0
DE;AR;9;2016;0
DE;AR;10;2016;0
DE;AR;11;2016;0
DE;AR;12;2016;0
DE;AR;13;2016;0
DE;AR;14;2016;0
DE;AR;15;2016;0
DE;AR;16;2016;0
DE;AR;17;2016;0
DE;AR;18;2016;0
DE;AR;19;2016;0
DE;AR;20;2016;0
DE;AR;21;2016;0
DE;AR;22;2016;0
DE;AR;23;2016;0
DE;AR;24;2016;0
DE;AR;25;2016;0
DE;AR;26;2016;0
DE;AR;27;2016;0
DE;AR;28;2016;0
DE;AR;29;2016;0
DE;AR;30;2016;0
DE;AR;31;2016;0
DE;AR;32;2016;0
DE;AR;33;2016;0
DE;AR;34;2016;0
DE;AR;35;2016;0
DE;AR;36;2016;0
DE;AR;37;2016;0
DE;AR;38;2016;0
DE;AR;39;2016;0
DE;AR;40;2016;0
DE;AR;41;2016;0
DE;AR;42;2016;0
DE;AR;43;2016;0
DE;AR;44;2016;0
DE;AR;45;2016;0
DE;AR;46;2016;0
DE;AR;47;2016;0
DE;AR;48;2016;0
DE;AR;49;2016;0
DE;AR;50;2016;0
DE;AR;51;2016;0
DE;AR;52;2016;0
DE;AS;1;2016;0
DE;AS;2;2016;0
DE;AS;3;2016;0
DE;AS;4;2016;0
DE;AS;5;2016;0
DE;AS;6;2016;0
DE;AS;7;2016;0
DE;AS;8;2016;0
DE;AS;9;2016;0
DE;AS;10;2016;0
DE;AS;11;2016;0
DE;AS;12;2016;0
DE;AS;13;2016;0
DE;AS;14;2016;0
DE;AS;15;2016;0
DE;AS;16;2016;0
DE;AS;17;2016;0
DE;AS;18;2016;0
DE;AS;19;2016;0
DE;AS;20;2016;0
DE;AS;21;2016;0
DE;AS;22;2016;0
DE;AS;23;2016;0
DE;AS;24;2016;0
DE;AS;25;2016;0
DE;AS;26;2016;0
DE;AS;27;2016;0
DE;AS;28;2016;0
DE;AS;29;2016;0
DE;AS;30;2016;0
DE;AS;31;2016;0
DE;AS;32;2016;0
DE;AS;33;2016;0
DE;AS;34;2016;0
DE;AS;35;2016;0
DE;AS;36;2016;0
DE;AS;37;2016;0
DE;AS;38;2016;0
DE;AS;39;2016;0
DE;AS;40;2016;0
DE;AS;41;2016;0
DE;AS;42;2016;0
DE;AS;43;2016;0
DE;AS;44;2016;0
DE;AS;45;2016;0
DE;AS;46;2016;0
DE;AS;47;2016;0
DE;AS;48;2016;0
DE;AS;49;2016;0
DE;AS;50;2016;0
DE;AS;51;2016;0
DE;AS;52;2016;0
DE;AT;1;2016;630
DE;AT;2;2016;630
DE;AT;3;2016;630
DE;AT;4;2016;630
DE;AT;5;2016;630
DE;AT;6;2016;630
DE;AT;7;2016;630
DE;AT;8;2016;630
DE;AT;9;2016;630
DE;AT;10;2016;630
DE;AT;11;2016;630
DE;AT;12;2016;630
DE;AT;13;2016;630
DE;AT;14;2016;630
DE;AT;15;2016;630
DE;AT;16;2016;630
DE;AT;17;2016;630
DE;AT;18;2016;630
DE;AT;19;2016;630
DE;AT;20;2016;630
DE;AT;21;2016;630
DE;AT;22;2016;630
DE;AT;23;2016;630
DE;AT;24;2016;630
DE;AT;25;2016;630
DE;AT;26;2016;630
DE;AT;27;2016;630
DE;AT;28;2016;630
DE;AT;29;2016;630
DE;AT;30;2016;630
DE;AT;31;2016;630
DE;AT;32;2016;630
DE;AT;33;2016;630
DE;AT;34;2016;630
DE;AT;35;2016;630
DE;AT;36;2016;630
DE;AT;37;2016;630
DE;AT;38;2016;630
DE;AT;39;2016;630
DE;AT;40;2016;630
DE;AT;41;2016;630
DE;AT;42;2016;630
DE;AT;43;2016;630
DE;AT;44;2016;630
DE;AT;45;2016;630
DE;AT;46;2016;630
DE;AT;47;2016;630
DE;AT;48;2016;630
DE;AT;49;2016;630
DE;AT;50;2016;630
DE;AT;51;2016;630
DE;AT;52;2016;630
DE;AU;1;2016;525
DE;AU;2;2016;525
DE;AU;3;2016;525
DE;AU;4;2016;525
DE;AU;5;2016;525
DE;AU;6;2016;525
DE;AU;7;2016;525
DE;AU;8;2016;525
DE;AU;9;2016;525
DE;AU;10;2016;525
DE;AU;11;2016;525
DE;AU;12;2016;525
DE;AU;13;2016;525
DE;AU;14;2016;525
DE;AU;15;2016;525
DE;AU;16;2016;525
DE;AU;17;2016;525
DE;AU;18;2016;525
DE;AU;19;2016;525
DE;AU;20;2016;525
DE;AU;21;2016;525
DE;AU;22;2016;525
DE;AU;23;2016;525
DE;AU;24;2016;525
DE;AU;25;2016;525
DE;AU;26;2016;525
DE;AU;27;2016;525
DE;AU;28;2016;525
DE;AU;29;2016;525
DE;AU;30;2016;525
DE;AU;31;2016;525
DE;AU;32;2016;525
DE;AU;33;2016;525
DE;AU;34;2016;525
DE;AU;35;2016;525
DE;AU;36;2016;525
DE;AU;37;2016;525
DE;AU;38;2016;525
DE;AU;39;2016;525
DE;AU;40;2016;525
DE;AU;41;2016;525
DE;AU;42;2016;525
DE;AU;43;2016;525
DE;AU;44;2016;525
DE;AU;45;2016;525
DE;AU;46;2016;525
DE;AU;47;2016;525
DE;AU;48;2016;525
DE;AU;49;2016;525
DE;AU;50;2016;525
DE;AU;51;2016;525
DE;AU;52;2016;525
DE;AW;1;2016;0
DE;AW;2;2016;0
DE;AW;3;2016;0
DE;AW;4;2016;0
DE;AW;5;2016;0
DE;AW;6;2016;0
DE;AW;7;2016;0
DE;AW;8;2016;0
DE;AW;9;2016;0
DE;AW;10;2016;0
DE;AW;11;2016;0
DE;AW;12;2016;0
DE;AW;13;2016;0
DE;AW;14;2016;0
DE;AW;15;2016;0
DE;AW;16;2016;0
DE;AW;17;2016;0
DE;AW;18;2016;0
DE;AW;19;2016;0
DE;AW;20;2016;0
DE;AW;21;2016;0
DE;AW;22;2016;0
DE;AW;23;2016;0
DE;AW;24;2016;0
DE;AW;25;2016;0
DE;AW;26;2016;0
DE;AW;27;2016;0
DE;AW;28;2016;0
DE;AW;29;2016;0
DE;AW;30;2016;0
DE;AW;31;2016;0
DE;AW;32;2016;0
DE;AW;33;2016;0
DE;AW;34;2016;0
DE;AW;35;2016;0
DE;AW;36;2016;0
DE;AW;37;2016;0
DE;AW;38;2016;0
DE;AW;39;2016;0
DE;AW;40;2016;0
DE;AW;41;2016;0
DE;AW;42;2016;0
DE;AW;43;2016;0
DE;AW;44;2016;0
DE;AW;45;2016;0
DE;AW;46;2016;0
DE;AW;47;2016;0
DE;AW;48;2016;0
DE;AW;49;2016;0
DE;AW;50;2016;0
DE;AW;51;2016;0
DE;AW;52;2016;0
DE;AZ;1;2016;210
DE;AZ;2;2016;210
DE;AZ;3;2016;210
DE;AZ;4;2016;210
DE;AZ;5;2016;210
DE;AZ;6;2016;210
DE;AZ;7;2016;210
DE;AZ;8;2016;210
DE;AZ;9;2016;210
DE;AZ;10;2016;210
DE;AZ;11;2016;210
DE;AZ;12;2016;210
DE;AZ;13;2016;210
DE;AZ;14;2016;210
DE;AZ;15;2016;210
DE;AZ;16;2016;210
DE;AZ;17;2016;210
DE;AZ;18;2016;210
DE;AZ;19;2016;210
DE;AZ;20;2016;210
DE;AZ;21;2016;210
DE;AZ;22;2016;210
DE;AZ;23;2016;210
DE;AZ;24;2016;210
DE;AZ;25;2016;210
DE;AZ;26;2016;210
DE;AZ;27;2016;210
DE;AZ;28;2016;210
DE;AZ;29;2016;210
DE;AZ;30;2016;210
DE;AZ;31;2016;210
DE;AZ;32;2016;210
DE;AZ;33;2016;210
DE;AZ;34;2016;210
DE;AZ;35;2016;210
DE;AZ;36;2016;210
DE;AZ;37;2016;210
DE;AZ;38;2016;210
DE;AZ;39;2016;210
DE;AZ;40;2016;210
DE;AZ;41;2016;210
DE;AZ;42;2016;210
DE;AZ;43;2016;210
DE;AZ;44;2016;210
DE;AZ;45;2016;210
DE;AZ;46;2016;210
DE;AZ;47;2016;210
DE;AZ;48;2016;210
DE;AZ;49;2016;210
DE;AZ;50;2016;210
DE;AZ;51;2016;210
DE;AZ;52;2016;210
DE;BA;1;2016;210
DE;BA;2;2016;210
DE;BA;3;2016;210
DE;BA;4;2016;210
DE;BA;5;2016;210
DE;BA;6;2016;210
DE;BA;7;2016;210
DE;BA;8;2016;210
DE;BA;9;2016;210
DE;BA;10;2016;210
DE;BA;11;2016;210
DE;BA;12;2016;210
DE;BA;13;2016;210
DE;BA;14;2016;210
DE;BA;15;2016;210
DE;BA;16;2016;210
DE;BA;17;2016;210
DE;BA;18;2016;210
DE;BA;19;2016;210
DE;BA;20;2016;210
DE;BA;21;2016;210
DE;BA;22;2016;210
DE;BA;23;2016;210
DE;BA;24;2016;210
DE;BA;25;2016;210
DE;BA;26;2016;210
DE;BA;27;2016;210
DE;BA;28;2016;210
DE;BA;29;2016;210
DE;BA;30;2016;210
DE;BA;31;2016;210
DE;BA;32;2016;210
DE;BA;33;2016;210
DE;BA;34;2016;210
DE;BA;35;2016;210
DE;BA;36;2016;210
DE;BA;37;2016;210
DE;BA;38;2016;210
DE;BA;39;2016;210
DE;BA;40;2016;210
DE;BA;41;2016;210
DE;BA;42;2016;210
DE;BA;43;2016;210
DE;BA;44;2016;210
DE;BA;45;2016;210
DE;BA;46;2016;210
DE;BA;47;2016;210
DE;BA;48;2016;210
DE;BA;49;2016;210
DE;BA;50;2016;210
DE;BA;51;2016;210
DE;BA;52;2016;210
DE;BB;1;2016;0
DE;BB;2;2016;0
DE;BB;3;2016;0
DE;BB;4;2016;0
DE;BB;5;2016;0
DE;BB;6;2016;0
DE;BB;7;2016;0
DE;BB;8;2016;0
DE;BB;9;2016;0
DE;BB;10;2016;0
DE;BB;11;2016;0
DE;BB;12;2016;0
DE;BB;13;2016;0
DE;BB;14;2016;0
DE;BB;15;2016;0
DE;BB;16;2016;0
DE;BB;17;2016;0
DE;BB;18;2016;0
DE;BB;19;2016;0
DE;BB;20;2016;0
DE;BB;21;2016;0
DE;BB;22;2016;0
DE;BB;23;2016;0
DE;BB;24;2016;0
DE;BB;25;2016;0
DE;BB;26;2016;0
DE;BB;27;2016;0
DE;BB;28;2016;0
DE;BB;29;2016;0
DE;BB;30;2016;0
DE;BB;31;2016;0
DE;BB;32;2016;0
DE;BB;33;2016;0
DE;BB;34;2016;0
DE;BB;35;2016;0
DE;BB;36;2016;0
DE;BB;37;2016;0
DE;BB;38;2016;0
DE;BB;39;2016;0
DE;BB;40;2016;0
DE;BB;41;2016;0
DE;BB;42;2016;0
DE;BB;43;2016;0
DE;BB;44;2016;0
DE;BB;45;2016;0
DE;BB;46;2016;0
DE;BB;47;2016;0
DE;BB;48;2016;0
DE;BB;49;2016;0
DE;BB;50;2016;0
DE;BB;51;2016;0
DE;BB;52;2016;0
DE;BD;1;2016;0
DE;BD;2;2016;0
DE;BD;3;2016;0
DE;BD;4;2016;0
DE;BD;5;2016;0
DE;BD;6;2016;0
DE;BD;7;2016;0
DE;BD;8;2016;0
DE;BD;9;2016;0
DE;BD;10;2016;0
DE;BD;11;2016;0
DE;BD;12;2016;0
DE;BD;13;2016;0
DE;BD;14;2016;0
DE;BD;15;2016;0
DE;BD;16;2016;0
DE;BD;17;2016;0
DE;BD;18;2016;0
DE;BD;19;2016;0
DE;BD;20;2016;0
DE;BD;21;2016;0
DE;BD;22;2016;0
DE;BD;23;2016;0
DE;BD;24;2016;0
DE;BD;25;2016;0
DE;BD;26;2016;0
DE;BD;27;2016;0
DE;BD;28;2016;0
DE;BD;29;2016;0
DE;BD;30;2016;0
DE;BD;31;2016;0
DE;BD;32;2016;0
DE;BD;33;2016;0
DE;BD;34;2016;0
DE;BD;35;2016;0
DE;BD;36;2016;0
DE;BD;37;2016;0
DE;BD;38;2016;0
DE;BD;39;2016;0
DE;BD;40;2016;0
DE;BD;41;2016;0
DE;BD;42;2016;0
DE;BD;43;2016;0
DE;BD;44;2016;0
DE;BD;45;2016;0
DE;BD;46;2016;0
DE;BD;47;2016;0
DE;BD;48;2016;0
DE;BD;49;2016;0
DE;BD;50;2016;0
DE;BD;51;2016;0
DE;BD;52;2016;0
DE;BE;1;2016;315
DE;BE;2;2016;315
DE;BE;3;2016;315
DE;BE;4;2016;315
DE;BE;5;2016;315
DE;BE;6;2016;315
DE;BE;7;2016;315
DE;BE;8;2016;315
DE;BE;9;2016;315
DE;BE;10;2016;315
DE;BE;11;2016;315
DE;BE;12;2016;315
DE;BE;13;2016;315
DE;BE;14;2016;315
DE;BE;15;2016;315
DE;BE;16;2016;315
DE;BE;17;2016;315
DE;BE;18;2016;315
DE;BE;19;2016;315
DE;BE;20;2016;315
DE;BE;21;2016;315
DE;BE;22;2016;315
DE;BE;23;2016;315
DE;BE;24;2016;315
DE;BE;25;2016;315
DE;BE;26;2016;315
DE;BE;27;2016;315
DE;BE;28;2016;315
DE;BE;29;2016;315
DE;BE;30;2016;315
DE;BE;31;2016;315
DE;BE;32;2016;315
DE;BE;33;2016;315
DE;BE;34;2016;315
DE;BE;35;2016;315
DE;BE;36;2016;315
DE;BE;37;2016;315
DE;BE;38;2016;315
DE;BE;39;2016;315
DE;BE;40;2016;315
DE;BE;41;2016;315
DE;BE;42;2016;315
DE;BE;43;2016;315
DE;BE;44;2016;315
DE;BE;45;2016;315
DE;BE;46;2016;315
DE;BE;47;2016;315
DE;BE;48;2016;315
DE;BE;49;2016;315
DE;BE;50;2016;315
DE;BE;51;2016;315
DE;BE;52;2016;315
DE;BF;1;2016;0
DE;BF;2;2016;0
DE;BF;3;2016;0
DE;BF;4;2016;0
DE;BF;5;2016;0
DE;BF;6;2016;0
DE;BF;7;2016;0
DE;BF;8;2016;0
DE;BF;9;2016;0
DE;BF;10;2016;0
DE;BF;11;2016;0
DE;BF;12;2016;0
DE;BF;13;2016;0
DE;BF;14;2016;0
DE;BF;15;2016;0
DE;BF;16;2016;0
DE;BF;17;2016;0
DE;BF;18;2016;0
DE;BF;19;2016;0
DE;BF;20;2016;0
DE;BF;21;2016;0
DE;BF;22;2016;0
DE;BF;23;2016;0
DE;BF;24;2016;0
DE;BF;25;2016;0
DE;BF;26;2016;0
DE;BF;27;2016;0
DE;BF;28;2016;0
DE;BF;29;2016;0
DE;BF;30;2016;0
DE;BF;31;2016;0
DE;BF;32;2016;0
DE;BF;33;2016;0
DE;BF;34;2016;0
DE;BF;35;2016;0
DE;BF;36;2016;0
DE;BF;37;2016;0
DE;BF;38;2016;0
DE;BF;39;2016;0
DE;BF;40;2016;0
DE;BF;41;2016;0
DE;BF;42;2016;0
DE;BF;43;2016;0
DE;BF;44;2016;0
DE;BF;45;2016;0
DE;BF;46;2016;0
DE;BF;47;2016;0
DE;BF;48;2016;0
DE;BF;49;2016;0
DE;BF;50;2016;0
DE;BF;51;2016;0
DE;BF;52;2016;0
DE;BG;1;2016;210
DE;BG;2;2016;210
DE;BG;3;2016;210
DE;BG;4;2016;210
DE;BG;5;2016;210
DE;BG;6;2016;210
DE;BG;7;2016;210
DE;BG;8;2016;210
DE;BG;9;2016;210
DE;BG;10;2016;210
DE;BG;11;2016;210
DE;BG;12;2016;210
DE;BG;13;2016;210
DE;BG;14;2016;210
DE;BG;15;2016;210
DE;BG;16;2016;210
DE;BG;17;2016;210
DE;BG;18;2016;210
DE;BG;19;2016;210
DE;BG;20;2016;210
DE;BG;21;2016;210
DE;BG;22;2016;210
DE;BG;23;2016;210
DE;BG;24;2016;210
DE;BG;25;2016;210
DE;BG;26;2016;210
DE;BG;27;2016;210
DE;BG;28;2016;210
DE;BG;29;2016;210
DE;BG;30;2016;210
DE;BG;31;2016;210
DE;BG;32;2016;210
DE;BG;33;2016;210
DE;BG;34;2016;210
DE;BG;35;2016;210
DE;BG;36;2016;210
DE;BG;37;2016;210
DE;BG;38;2016;210
DE;BG;39;2016;210
DE;BG;40;2016;210
DE;BG;41;2016;210
DE;BG;42;2016;210
DE;BG;43;2016;210
DE;BG;44;2016;210
DE;BG;45;2016;210
DE;BG;46;2016;210
DE;BG;47;2016;210
DE;BG;48;2016;210
DE;BG;49;2016;210
DE;BG;50;2016;210
DE;BG;51;2016;210
DE;BG;52;2016;210
DE;BH;1;2016;0
DE;BH;2;2016;0
DE;BH;3;2016;0
DE;BH;4;2016;0
DE;BH;5;2016;0
DE;BH;6;2016;0
DE;BH;7;2016;0
DE;BH;8;2016;0
DE;BH;9;2016;0
DE;BH;10;2016;0
DE;BH;11;2016;0
DE;BH;12;2016;0
DE;BH;13;2016;0
DE;BH;14;2016;0
DE;BH;15;2016;0
DE;BH;16;2016;0
DE;BH;17;2016;0
DE;BH;18;2016;0
DE;BH;19;2016;0
DE;BH;20;2016;0
DE;BH;21;2016;0
DE;BH;22;2016;0
DE;BH;23;2016;0
DE;BH;24;2016;0
DE;BH;25;2016;0
DE;BH;26;2016;0
DE;BH;27;2016;0
DE;BH;28;2016;0
DE;BH;29;2016;0
DE;BH;30;2016;0
DE;BH;31;2016;0
DE;BH;32;2016;0
DE;BH;33;2016;0
DE;BH;34;2016;0
DE;BH;35;2016;0
DE;BH;36;2016;0
DE;BH;37;2016;0
DE;BH;38;2016;0
DE;BH;39;2016;0
DE;BH;40;2016;0
DE;BH;41;2016;0
DE;BH;42;2016;0
DE;BH;43;2016;0
DE;BH;44;2016;0
DE;BH;45;2016;0
DE;BH;46;2016;0
DE;BH;47;2016;0
DE;BH;48;2016;0
DE;BH;49;2016;0
DE;BH;50;2016;0
DE;BH;51;2016;0
DE;BH;52;2016;0
DE;BI;1;2016;0
DE;BI;2;2016;0
DE;BI;3;2016;0
DE;BI;4;2016;0
DE;BI;5;2016;0
DE;BI;6;2016;0
DE;BI;7;2016;0
DE;BI;8;2016;0
DE;BI;9;2016;0
DE;BI;10;2016;0
DE;BI;11;2016;0
DE;BI;12;2016;0
DE;BI;13;2016;0
DE;BI;14;2016;0
DE;BI;15;2016;0
DE;BI;16;2016;0
DE;BI;17;2016;0
DE;BI;18;2016;0
DE;BI;19;2016;0
DE;BI;20;2016;0
DE;BI;21;2016;0
DE;BI;22;2016;0
DE;BI;23;2016;0
DE;BI;24;2016;0
DE;BI;25;2016;0
DE;BI;26;2016;0
DE;BI;27;2016;0
DE;BI;28;2016;0
DE;BI;29;2016;0
DE;BI;30;2016;0
DE;BI;31;2016;0
DE;BI;32;2016;0
DE;BI;33;2016;0
DE;BI;34;2016;0
DE;BI;35;2016;0
DE;BI;36;2016;0
DE;BI;37;2016;0
DE;BI;38;2016;0
DE;BI;39;2016;0
DE;BI;40;2016;0
DE;BI;41;2016;0
DE;BI;42;2016;0
DE;BI;43;2016;0
DE;BI;44;2016;0
DE;BI;45;2016;0
DE;BI;46;2016;0
DE;BI;47;2016;0
DE;BI;48;2016;0
DE;BI;49;2016;0
DE;BI;50;2016;0
DE;BI;51;2016;0
DE;BI;52;2016;0
DE;BJ;1;2016;0
DE;BJ;2;2016;0
DE;BJ;3;2016;0
DE;BJ;4;2016;0
DE;BJ;5;2016;0
DE;BJ;6;2016;0
DE;BJ;7;2016;0
DE;BJ;8;2016;0
DE;BJ;9;2016;0
DE;BJ;10;2016;0
DE;BJ;11;2016;0
DE;BJ;12;2016;0
DE;BJ;13;2016;0
DE;BJ;14;2016;0
DE;BJ;15;2016;0
DE;BJ;16;2016;0
DE;BJ;17;2016;0
DE;BJ;18;2016;0
DE;BJ;19;2016;0
DE;BJ;20;2016;0
DE;BJ;21;2016;0
DE;BJ;22;2016;0
DE;BJ;23;2016;0
DE;BJ;24;2016;0
DE;BJ;25;2016;0
DE;BJ;26;2016;0
DE;BJ;27;2016;0
DE;BJ;28;2016;0
DE;BJ;29;2016;0
DE;BJ;30;2016;0
DE;BJ;31;2016;0
DE;BJ;32;2016;0
DE;BJ;33;2016;0
DE;BJ;34;2016;0
DE;BJ;35;2016;0
DE;BJ;36;2016;0
DE;BJ;37;2016;0
DE;BJ;38;2016;0
DE;BJ;39;2016;0
DE;BJ;40;2016;0
DE;BJ;41;2016;0
DE;BJ;42;2016;0
DE;BJ;43;2016;0
DE;BJ;44;2016;0
DE;BJ;45;2016;0
DE;BJ;46;2016;0
DE;BJ;47;2016;0
DE;BJ;48;2016;0
DE;BJ;49;2016;0
DE;BJ;50;2016;0
DE;BJ;51;2016;0
DE;BJ;52;2016;0
DE;BM;1;2016;0
DE;BM;2;2016;0
DE;BM;3;2016;0
DE;BM;4;2016;0
DE;BM;5;2016;0
DE;BM;6;2016;0
DE;BM;7;2016;0
DE;BM;8;2016;0
DE;BM;9;2016;0
DE;BM;10;2016;0
DE;BM;11;2016;0
DE;BM;12;2016;0
DE;BM;13;2016;0
DE;BM;14;2016;0
DE;BM;15;2016;0
DE;BM;16;2016;0
DE;BM;17;2016;0
DE;BM;18;2016;0
DE;BM;19;2016;0
DE;BM;20;2016;0
DE;BM;21;2016;0
DE;BM;22;2016;0
DE;BM;23;2016;0
DE;BM;24;2016;0
DE;BM;25;2016;0
DE;BM;26;2016;0
DE;BM;27;2016;0
DE;BM;28;2016;0
DE;BM;29;2016;0
DE;BM;30;2016;0
DE;BM;31;2016;0
DE;BM;32;2016;0
DE;BM;33;2016;0
DE;BM;34;2016;0
DE;BM;35;2016;0
DE;BM;36;2016;0
DE;BM;37;2016;0
DE;BM;38;2016;0
DE;BM;39;2016;0
DE;BM;40;2016;0
DE;BM;41;2016;0
DE;BM;42;2016;0
DE;BM;43;2016;0
DE;BM;44;2016;0
DE;BM;45;2016;0
DE;BM;46;2016;0
DE;BM;47;2016;0
DE;BM;48;2016;0
DE;BM;49;2016;0
DE;BM;50;2016;0
DE;BM;51;2016;0
DE;BM;52;2016;0
DE;BN;1;2016;0
DE;BN;2;2016;0
DE;BN;3;2016;0
DE;BN;4;2016;0
DE;BN;5;2016;0
DE;BN;6;2016;0
DE;BN;7;2016;0
DE;BN;8;2016;0
DE;BN;9;2016;0
DE;BN;10;2016;0
DE;BN;11;2016;0
DE;BN;12;2016;0
DE;BN;13;2016;0
DE;BN;14;2016;0
DE;BN;15;2016;0
DE;BN;16;2016;0
DE;BN;17;2016;0
DE;BN;18;2016;0
DE;BN;19;2016;0
DE;BN;20;2016;0
DE;BN;21;2016;0
DE;BN;22;2016;0
DE;BN;23;2016;0
DE;BN;24;2016;0
DE;BN;25;2016;0
DE;BN;26;2016;0
DE;BN;27;2016;0
DE;BN;28;2016;0
DE;BN;29;2016;0
DE;BN;30;2016;0
DE;BN;31;2016;0
DE;BN;32;2016;0
DE;BN;33;2016;0
DE;BN;34;2016;0
DE;BN;35;2016;0
DE;BN;36;2016;0
DE;BN;37;2016;0
DE;BN;38;2016;0
DE;BN;39;2016;0
DE;BN;40;2016;0
DE;BN;41;2016;0
DE;BN;42;2016;0
DE;BN;43;2016;0
DE;BN;44;2016;0
DE;BN;45;2016;0
DE;BN;46;2016;0
DE;BN;47;2016;0
DE;BN;48;2016;0
DE;BN;49;2016;0
DE;BN;50;2016;0
DE;BN;51;2016;0
DE;BN;52;2016;0
DE;BO;1;2016;0
DE;BO;2;2016;0
DE;BO;3;2016;0
DE;BO;4;2016;0
DE;BO;5;2016;0
DE;BO;6;2016;0
DE;BO;7;2016;0
DE;BO;8;2016;0
DE;BO;9;2016;0
DE;BO;10;2016;0
DE;BO;11;2016;0
DE;BO;12;2016;0
DE;BO;13;2016;0
DE;BO;14;2016;0
DE;BO;15;2016;0
DE;BO;16;2016;0
DE;BO;17;2016;0
DE;BO;18;2016;0
DE;BO;19;2016;0
DE;BO;20;2016;0
DE;BO;21;2016;0
DE;BO;22;2016;0
DE;BO;23;2016;0
DE;BO;24;2016;0
DE;BO;25;2016;0
DE;BO;26;2016;0
DE;BO;27;2016;0
DE;BO;28;2016;0
DE;BO;29;2016;0
DE;BO;30;2016;0
DE;BO;31;2016;0
DE;BO;32;2016;0
DE;BO;33;2016;0
DE;BO;34;2016;0
DE;BO;35;2016;0
DE;BO;36;2016;0
DE;BO;37;2016;0
DE;BO;38;2016;0
DE;BO;39;2016;0
DE;BO;40;2016;0
DE;BO;41;2016;0
DE;BO;42;2016;0
DE;BO;43;2016;0
DE;BO;44;2016;0
DE;BO;45;2016;0
DE;BO;46;2016;0
DE;BO;47;2016;0
DE;BO;48;2016;0
DE;BO;49;2016;0
DE;BO;50;2016;0
DE;BO;51;2016;0
DE;BO;52;2016;0
DE;BQ;1;2016;0
DE;BQ;2;2016;0
DE;BQ;3;2016;0
DE;BQ;4;2016;0
DE;BQ;5;2016;0
DE;BQ;6;2016;0
DE;BQ;7;2016;0
DE;BQ;8;2016;0
DE;BQ;9;2016;0
DE;BQ;10;2016;0
DE;BQ;11;2016;0
DE;BQ;12;2016;0
DE;BQ;13;2016;0
DE;BQ;14;2016;0
DE;BQ;15;2016;0
DE;BQ;16;2016;0
DE;BQ;17;2016;0
DE;BQ;18;2016;0
DE;BQ;19;2016;0
DE;BQ;20;2016;0
DE;BQ;21;2016;0
DE;BQ;22;2016;0
DE;BQ;23;2016;0
DE;BQ;24;2016;0
DE;BQ;25;2016;0
DE;BQ;26;2016;0
DE;BQ;27;2016;0
DE;BQ;28;2016;0
DE;BQ;29;2016;0
DE;BQ;30;2016;0
DE;BQ;31;2016;0
DE;BQ;32;2016;0
DE;BQ;33;2016;0
DE;BQ;34;2016;0
DE;BQ;35;2016;0
DE;BQ;36;2016;0
DE;BQ;37;2016;0
DE;BQ;38;2016;0
DE;BQ;39;2016;0
DE;BQ;40;2016;0
DE;BQ;41;2016;0
DE;BQ;42;2016;0
DE;BQ;43;2016;0
DE;BQ;44;2016;0
DE;BQ;45;2016;0
DE;BQ;46;2016;0
DE;BQ;47;2016;0
DE;BQ;48;2016;0
DE;BQ;49;2016;0
DE;BQ;50;2016;0
DE;BQ;51;2016;0
DE;BQ;52;2016;0
DE;BR;1;2016;735
DE;BR;2;2016;735
DE;BR;3;2016;735
DE;BR;4;2016;735
DE;BR;5;2016;735
DE;BR;6;2016;735
DE;BR;7;2016;735
DE;BR;8;2016;735
DE;BR;9;2016;735
DE;BR;10;2016;735
DE;BR;11;2016;735
DE;BR;12;2016;735
DE;BR;13;2016;735
DE;BR;14;2016;735
DE;BR;15;2016;735
DE;BR;16;2016;735
DE;BR;17;2016;735
DE;BR;18;2016;735
DE;BR;19;2016;735
DE;BR;20;2016;735
DE;BR;21;2016;735
DE;BR;22;2016;735
DE;BR;23;2016;735
DE;BR;24;2016;735
DE;BR;25;2016;735
DE;BR;26;2016;735
DE;BR;27;2016;735
DE;BR;28;2016;735
DE;BR;29;2016;735
DE;BR;30;2016;735
DE;BR;31;2016;735
DE;BR;32;2016;735
DE;BR;33;2016;735
DE;BR;34;2016;735
DE;BR;35;2016;735
DE;BR;36;2016;735
DE;BR;37;2016;735
DE;BR;38;2016;735
DE;BR;39;2016;735
DE;BR;40;2016;735
DE;BR;41;2016;735
DE;BR;42;2016;735
DE;BR;43;2016;735
DE;BR;44;2016;735
DE;BR;45;2016;735
DE;BR;46;2016;735
DE;BR;47;2016;735
DE;BR;48;2016;735
DE;BR;49;2016;735
DE;BR;50;2016;735
DE;BR;51;2016;735
DE;BR;52;2016;735
DE;BS;1;2016;0
DE;BS;2;2016;0
DE;BS;3;2016;0
DE;BS;4;2016;0
DE;BS;5;2016;0
DE;BS;6;2016;0
DE;BS;7;2016;0
DE;BS;8;2016;0
DE;BS;9;2016;0
DE;BS;10;2016;0
DE;BS;11;2016;0
DE;BS;12;2016;0
DE;BS;13;2016;0
DE;BS;14;2016;0
DE;BS;15;2016;0
DE;BS;16;2016;0
DE;BS;17;2016;0
DE;BS;18;2016;0
DE;BS;19;2016;0
DE;BS;20;2016;0
DE;BS;21;2016;0
DE;BS;22;2016;0
DE;BS;23;2016;0
DE;BS;24;2016;0
DE;BS;25;2016;0
DE;BS;26;2016;0
DE;BS;27;2016;0
DE;BS;28;2016;0
DE;BS;29;2016;0
DE;BS;30;2016;0
DE;BS;31;2016;0
DE;BS;32;2016;0
DE;BS;33;2016;0
DE;BS;34;2016;0
DE;BS;35;2016;0
DE;BS;36;2016;0
DE;BS;37;2016;0
DE;BS;38;2016;0
DE;BS;39;2016;0
DE;BS;40;2016;0
DE;BS;41;2016;0
DE;BS;42;2016;0
DE;BS;43;2016;0
DE;BS;44;2016;0
DE;BS;45;2016;0
DE;BS;46;2016;0
DE;BS;47;2016;0
DE;BS;48;2016;0
DE;BS;49;2016;0
DE;BS;50;2016;0
DE;BS;51;2016;0
DE;BS;52;2016;0
DE;BT;1;2016;0
DE;BT;2;2016;0
DE;BT;3;2016;0
DE;BT;4;2016;0
DE;BT;5;2016;0
DE;BT;6;2016;0
DE;BT;7;2016;0
DE;BT;8;2016;0
DE;BT;9;2016;0
DE;BT;10;2016;0
DE;BT;11;2016;0
DE;BT;12;2016;0
DE;BT;13;2016;0
DE;BT;14;2016;0
DE;BT;15;2016;0
DE;BT;16;2016;0
DE;BT;17;2016;0
DE;BT;18;2016;0
DE;BT;19;2016;0
DE;BT;20;2016;0
DE;BT;21;2016;0
DE;BT;22;2016;0
DE;BT;23;2016;0
DE;BT;24;2016;0
DE;BT;25;2016;0
DE;BT;26;2016;0
DE;BT;27;2016;0
DE;BT;28;2016;0
DE;BT;29;2016;0
DE;BT;30;2016;0
DE;BT;31;2016;0
DE;BT;32;2016;0
DE;BT;33;2016;0
DE;BT;34;2016;0
DE;BT;35;2016;0
DE;BT;36;2016;0
DE;BT;37;2016;0
DE;BT;38;2016;0
DE;BT;39;2016;0
DE;BT;40;2016;0
DE;BT;41;2016;0
DE;BT;42;2016;0
DE;BT;43;2016;0
DE;BT;44;2016;0
DE;BT;45;2016;0
DE;BT;46;2016;0
DE;BT;47;2016;0
DE;BT;48;2016;0
DE;BT;49;2016;0
DE;BT;50;2016;0
DE;BT;51;2016;0
DE;BT;52;2016;0
DE;BW;1;2016;0
DE;BW;2;2016;0
DE;BW;3;2016;0
DE;BW;4;2016;0
DE;BW;5;2016;0
DE;BW;6;2016;0
DE;BW;7;2016;0
DE;BW;8;2016;0
DE;BW;9;2016;0
DE;BW;10;2016;0
DE;BW;11;2016;0
DE;BW;12;2016;0
DE;BW;13;2016;0
DE;BW;14;2016;0
DE;BW;15;2016;0
DE;BW;16;2016;0
DE;BW;17;2016;0
DE;BW;18;2016;0
DE;BW;19;2016;0
DE;BW;20;2016;0
DE;BW;21;2016;0
DE;BW;22;2016;0
DE;BW;23;2016;0
DE;BW;24;2016;0
DE;BW;25;2016;0
DE;BW;26;2016;0
DE;BW;27;2016;0
DE;BW;28;2016;0
DE;BW;29;2016;0
DE;BW;30;2016;0
DE;BW;31;2016;0
DE;BW;32;2016;0
DE;BW;33;2016;0
DE;BW;34;2016;0
DE;BW;35;2016;0
DE;BW;36;2016;0
DE;BW;37;2016;0
DE;BW;38;2016;0
DE;BW;39;2016;0
DE;BW;40;2016;0
DE;BW;41;2016;0
DE;BW;42;2016;0
DE;BW;43;2016;0
DE;BW;44;2016;0
DE;BW;45;2016;0
DE;BW;46;2016;0
DE;BW;47;2016;0
DE;BW;48;2016;0
DE;BW;49;2016;0
DE;BW;50;2016;0
DE;BW;51;2016;0
DE;BW;52;2016;0
DE;BY;1;2016;105
DE;BY;2;2016;105
DE;BY;3;2016;105
DE;BY;4;2016;105
DE;BY;5;2016;105
DE;BY;6;2016;105
DE;BY;7;2016;105
DE;BY;8;2016;105
DE;BY;9;2016;105
DE;BY;10;2016;105
DE;BY;11;2016;105
DE;BY;12;2016;105
DE;BY;13;2016;105
DE;BY;14;2016;105
DE;BY;15;2016;105
DE;BY;16;2016;105
DE;BY;17;2016;105
DE;BY;18;2016;105
DE;BY;19;2016;105
DE;BY;20;2016;105
DE;BY;21;2016;105
DE;BY;22;2016;105
DE;BY;23;2016;105
DE;BY;24;2016;105
DE;BY;25;2016;105
DE;BY;26;2016;105
DE;BY;27;2016;105
DE;BY;28;2016;105
DE;BY;29;2016;105
DE;BY;30;2016;105
DE;BY;31;2016;105
DE;BY;32;2016;105
DE;BY;33;2016;105
DE;BY;34;2016;105
DE;BY;35;2016;105
DE;BY;36;2016;105
DE;BY;37;2016;105
DE;BY;38;2016;105
DE;BY;39;2016;105
DE;BY;40;2016;105
DE;BY;41;2016;105
DE;BY;42;2016;105
DE;BY;43;2016;105
DE;BY;44;2016;105
DE;BY;45;2016;105
DE;BY;46;2016;105
DE;BY;47;2016;105
DE;BY;48;2016;105
DE;BY;49;2016;105
DE;BY;50;2016;105
DE;BY;51;2016;105
DE;BY;52;2016;105
DE;BZ;1;2016;0
DE;BZ;2;2016;0
DE;BZ;3;2016;0
DE;BZ;4;2016;0
DE;BZ;5;2016;0
DE;BZ;6;2016;0
DE;BZ;7;2016;0
DE;BZ;8;2016;0
DE;BZ;9;2016;0
DE;BZ;10;2016;0
DE;BZ;11;2016;0
DE;BZ;12;2016;0
DE;BZ;13;2016;0
DE;BZ;14;2016;0
DE;BZ;15;2016;0
DE;BZ;16;2016;0
DE;BZ;17;2016;0
DE;BZ;18;2016;0
DE;BZ;19;2016;0
DE;BZ;20;2016;0
DE;BZ;21;2016;0
DE;BZ;22;2016;0
DE;BZ;23;2016;0
DE;BZ;24;2016;0
DE;BZ;25;2016;0
DE;BZ;26;2016;0
DE;BZ;27;2016;0
DE;BZ;28;2016;0
DE;BZ;29;2016;0
DE;BZ;30;2016;0
DE;BZ;31;2016;0
DE;BZ;32;2016;0
DE;BZ;33;2016;0
DE;BZ;34;2016;0
DE;BZ;35;2016;0
DE;BZ;36;2016;0
DE;BZ;37;2016;0
DE;BZ;38;2016;0
DE;BZ;39;2016;0
DE;BZ;40;2016;0
DE;BZ;41;2016;0
DE;BZ;42;2016;0
DE;BZ;43;2016;0
DE;BZ;44;2016;0
DE;BZ;45;2016;0
DE;BZ;46;2016;0
DE;BZ;47;2016;0
DE;BZ;48;2016;0
DE;BZ;49;2016;0
DE;BZ;50;2016;0
DE;BZ;51;2016;0
DE;BZ;52;2016;0
DE;CA;1;2016;945
DE;CA;2;2016;945
DE;CA;3;2016;945
DE;CA;4;2016;945
DE;CA;5;2016;945
DE;CA;6;2016;945
DE;CA;7;2016;945
DE;CA;8;2016;945
DE;CA;9;2016;945
DE;CA;10;2016;945
DE;CA;11;2016;945
DE;CA;12;2016;945
DE;CA;13;2016;945
DE;CA;14;2016;945
DE;CA;15;2016;945
DE;CA;16;2016;945
DE;CA;17;2016;945
DE;CA;18;2016;945
DE;CA;19;2016;945
DE;CA;20;2016;945
DE;CA;21;2016;945
DE;CA;22;2016;945
DE;CA;23;2016;945
DE;CA;24;2016;945
DE;CA;25;2016;945
DE;CA;26;2016;945
DE;CA;27;2016;945
DE;CA;28;2016;945
DE;CA;29;2016;945
DE;CA;30;2016;945
DE;CA;31;2016;945
DE;CA;32;2016;945
DE;CA;33;2016;945
DE;CA;34;2016;945
DE;CA;35;2016;945
DE;CA;36;2016;945
DE;CA;37;2016;945
DE;CA;38;2016;945
DE;CA;39;2016;945
DE;CA;40;2016;945
DE;CA;41;2016;945
DE;CA;42;2016;945
DE;CA;43;2016;945
DE;CA;44;2016;945
DE;CA;45;2016;945
DE;CA;46;2016;945
DE;CA;47;2016;945
DE;CA;48;2016;945
DE;CA;49;2016;945
DE;CA;50;2016;945
DE;CA;51;2016;945
DE;CA;52;2016;945
DE;CC;1;2016;0
DE;CC;2;2016;0
DE;CC;3;2016;0
DE;CC;4;2016;0
DE;CC;5;2016;0
DE;CC;6;2016;0
DE;CC;7;2016;0
DE;CC;8;2016;0
DE;CC;9;2016;0
DE;CC;10;2016;0
DE;CC;11;2016;0
DE;CC;12;2016;0
DE;CC;13;2016;0
DE;CC;14;2016;0
DE;CC;15;2016;0
DE;CC;16;2016;0
DE;CC;17;2016;0
DE;CC;18;2016;0
DE;CC;19;2016;0
DE;CC;20;2016;0
DE;CC;21;2016;0
DE;CC;22;2016;0
DE;CC;23;2016;0
DE;CC;24;2016;0
DE;CC;25;2016;0
DE;CC;26;2016;0
DE;CC;27;2016;0
DE;CC;28;2016;0
DE;CC;29;2016;0
DE;CC;30;2016;0
DE;CC;31;2016;0
DE;CC;32;2016;0
DE;CC;33;2016;0
DE;CC;34;2016;0
DE;CC;35;2016;0
DE;CC;36;2016;0
DE;CC;37;2016;0
DE;CC;38;2016;0
DE;CC;39;2016;0
DE;CC;40;2016;0
DE;CC;41;2016;0
DE;CC;42;2016;0
DE;CC;43;2016;0
DE;CC;44;2016;0
DE;CC;45;2016;0
DE;CC;46;2016;0
DE;CC;47;2016;0
DE;CC;48;2016;0
DE;CC;49;2016;0
DE;CC;50;2016;0
DE;CC;51;2016;0
DE;CC;52;2016;0
DE;CD;1;2016;0
DE;CD;2;2016;0
DE;CD;3;2016;0
DE;CD;4;2016;0
DE;CD;5;2016;0
DE;CD;6;2016;0
DE;CD;7;2016;0
DE;CD;8;2016;0
DE;CD;9;2016;0
DE;CD;10;2016;0
DE;CD;11;2016;0
DE;CD;12;2016;0
DE;CD;13;2016;0
DE;CD;14;2016;0
DE;CD;15;2016;0
DE;CD;16;2016;0
DE;CD;17;2016;0
DE;CD;18;2016;0
DE;CD;19;2016;0
DE;CD;20;2016;0
DE;CD;21;2016;0
DE;CD;22;2016;0
DE;CD;23;2016;0
DE;CD;24;2016;0
DE;CD;25;2016;0
DE;CD;26;2016;0
DE;CD;27;2016;0
DE;CD;28;2016;0
DE;CD;29;2016;0
DE;CD;30;2016;0
DE;CD;31;2016;0
DE;CD;32;2016;0
DE;CD;33;2016;0
DE;CD;34;2016;0
DE;CD;35;2016;0
DE;CD;36;2016;0
DE;CD;37;2016;0
DE;CD;38;2016;0
DE;CD;39;2016;0
DE;CD;40;2016;0
DE;CD;41;2016;0
DE;CD;42;2016;0
DE;CD;43;2016;0
DE;CD;44;2016;0
DE;CD;45;2016;0
DE;CD;46;2016;0
DE;CD;47;2016;0
DE;CD;48;2016;0
DE;CD;49;2016;0
DE;CD;50;2016;0
DE;CD;51;2016;0
DE;CD;52;2016;0
DE;CF;1;2016;0
DE;CF;2;2016;0
DE;CF;3;2016;0
DE;CF;4;2016;0
DE;CF;5;2016;0
DE;CF;6;2016;0
DE;CF;7;2016;0
DE;CF;8;2016;0
DE;CF;9;2016;0
DE;CF;10;2016;0
DE;CF;11;2016;0
DE;CF;12;2016;0
DE;CF;13;2016;0
DE;CF;14;2016;0
DE;CF;15;2016;0
DE;CF;16;2016;0
DE;CF;17;2016;0
DE;CF;18;2016;0
DE;CF;19;2016;0
DE;CF;20;2016;0
DE;CF;21;2016;0
DE;CF;22;2016;0
DE;CF;23;2016;0
DE;CF;24;2016;0
DE;CF;25;2016;0
DE;CF;26;2016;0
DE;CF;27;2016;0
DE;CF;28;2016;0
DE;CF;29;2016;0
DE;CF;30;2016;0
DE;CF;31;2016;0
DE;CF;32;2016;0
DE;CF;33;2016;0
DE;CF;34;2016;0
DE;CF;35;2016;0
DE;CF;36;2016;0
DE;CF;37;2016;0
DE;CF;38;2016;0
DE;CF;39;2016;0
DE;CF;40;2016;0
DE;CF;41;2016;0
DE;CF;42;2016;0
DE;CF;43;2016;0
DE;CF;44;2016;0
DE;CF;45;2016;0
DE;CF;46;2016;0
DE;CF;47;2016;0
DE;CF;48;2016;0
DE;CF;49;2016;0
DE;CF;50;2016;0
DE;CF;51;2016;0
DE;CF;52;2016;0
DE;CG;1;2016;0
DE;CG;2;2016;0
DE;CG;3;2016;0
DE;CG;4;2016;0
DE;CG;5;2016;0
DE;CG;6;2016;0
DE;CG;7;2016;0
DE;CG;8;2016;0
DE;CG;9;2016;0
DE;CG;10;2016;0
DE;CG;11;2016;0
DE;CG;12;2016;0
DE;CG;13;2016;0
DE;CG;14;2016;0
DE;CG;15;2016;0
DE;CG;16;2016;0
DE;CG;17;2016;0
DE;CG;18;2016;0
DE;CG;19;2016;0
DE;CG;20;2016;0
DE;CG;21;2016;0
DE;CG;22;2016;0
DE;CG;23;2016;0
DE;CG;24;2016;0
DE;CG;25;2016;0
DE;CG;26;2016;0
DE;CG;27;2016;0
DE;CG;28;2016;0
DE;CG;29;2016;0
DE;CG;30;2016;0
DE;CG;31;2016;0
DE;CG;32;2016;0
DE;CG;33;2016;0
DE;CG;34;2016;0
DE;CG;35;2016;0
DE;CG;36;2016;0
DE;CG;37;2016;0
DE;CG;38;2016;0
DE;CG;39;2016;0
DE;CG;40;2016;0
DE;CG;41;2016;0
DE;CG;42;2016;0
DE;CG;43;2016;0
DE;CG;44;2016;0
DE;CG;45;2016;0
DE;CG;46;2016;0
DE;CG;47;2016;0
DE;CG;48;2016;0
DE;CG;49;2016;0
DE;CG;50;2016;0
DE;CG;51;2016;0
DE;CG;52;2016;0
DE;CH;1;2016;210
DE;CH;2;2016;210
DE;CH;3;2016;210
DE;CH;4;2016;210
DE;CH;5;2016;210
DE;CH;6;2016;210
DE;CH;7;2016;210
DE;CH;8;2016;210
DE;CH;9;2016;210
DE;CH;10;2016;210
DE;CH;11;2016;210
DE;CH;12;2016;210
DE;CH;13;2016;210
DE;CH;14;2016;210
DE;CH;15;2016;210
DE;CH;16;2016;210
DE;CH;17;2016;210
DE;CH;18;2016;210
DE;CH;19;2016;210
DE;CH;20;2016;210
DE;CH;21;2016;210
DE;CH;22;2016;210
DE;CH;23;2016;210
DE;CH;24;2016;210
DE;CH;25;2016;210
DE;CH;26;2016;210
DE;CH;27;2016;210
DE;CH;28;2016;210
DE;CH;29;2016;210
DE;CH;30;2016;210
DE;CH;31;2016;210
DE;CH;32;2016;210
DE;CH;33;2016;210
DE;CH;34;2016;210
DE;CH;35;2016;210
DE;CH;36;2016;210
DE;CH;37;2016;210
DE;CH;38;2016;210
DE;CH;39;2016;210
DE;CH;40;2016;210
DE;CH;41;2016;210
DE;CH;42;2016;210
DE;CH;43;2016;210
DE;CH;44;2016;210
DE;CH;45;2016;210
DE;CH;46;2016;210
DE;CH;47;2016;210
DE;CH;48;2016;210
DE;CH;49;2016;210
DE;CH;50;2016;210
DE;CH;51;2016;210
DE;CH;52;2016;210
DE;CI;1;2016;0
DE;CI;2;2016;0
DE;CI;3;2016;0
DE;CI;4;2016;0
DE;CI;5;2016;0
DE;CI;6;2016;0
DE;CI;7;2016;0
DE;CI;8;2016;0
DE;CI;9;2016;0
DE;CI;10;2016;0
DE;CI;11;2016;0
DE;CI;12;2016;0
DE;CI;13;2016;0
DE;CI;14;2016;0
DE;CI;15;2016;0
DE;CI;16;2016;0
DE;CI;17;2016;0
DE;CI;18;2016;0
DE;CI;19;2016;0
DE;CI;20;2016;0
DE;CI;21;2016;0
DE;CI;22;2016;0
DE;CI;23;2016;0
DE;CI;24;2016;0
DE;CI;25;2016;0
DE;CI;26;2016;0
DE;CI;27;2016;0
DE;CI;28;2016;0
DE;CI;29;2016;0
DE;CI;30;2016;0
DE;CI;31;2016;0
DE;CI;32;2016;0
DE;CI;33;2016;0
DE;CI;34;2016;0
DE;CI;35;2016;0
DE;CI;36;2016;0
DE;CI;37;2016;0
DE;CI;38;2016;0
DE;CI;39;2016;0
DE;CI;40;2016;0
DE;CI;41;2016;0
DE;CI;42;2016;0
DE;CI;43;2016;0
DE;CI;44;2016;0
DE;CI;45;2016;0
DE;CI;46;2016;0
DE;CI;47;2016;0
DE;CI;48;2016;0
DE;CI;49;2016;0
DE;CI;50;2016;0
DE;CI;51;2016;0
DE;CI;52;2016;0
DE;CK;1;2016;0
DE;CK;2;2016;0
DE;CK;3;2016;0
DE;CK;4;2016;0
DE;CK;5;2016;0
DE;CK;6;2016;0
DE;CK;7;2016;0
DE;CK;8;2016;0
DE;CK;9;2016;0
DE;CK;10;2016;0
DE;CK;11;2016;0
DE;CK;12;2016;0
DE;CK;13;2016;0
DE;CK;14;2016;0
DE;CK;15;2016;0
DE;CK;16;2016;0
DE;CK;17;2016;0
DE;CK;18;2016;0
DE;CK;19;2016;0
DE;CK;20;2016;0
DE;CK;21;2016;0
DE;CK;22;2016;0
DE;CK;23;2016;0
DE;CK;24;2016;0
DE;CK;25;2016;0
DE;CK;26;2016;0
DE;CK;27;2016;0
DE;CK;28;2016;0
DE;CK;29;2016;0
DE;CK;30;2016;0
DE;CK;31;2016;0
DE;CK;32;2016;0
DE;CK;33;2016;0
DE;CK;34;2016;0
DE;CK;35;2016;0
DE;CK;36;2016;0
DE;CK;37;2016;0
DE;CK;38;2016;0
DE;CK;39;2016;0
DE;CK;40;2016;0
DE;CK;41;2016;0
DE;CK;42;2016;0
DE;CK;43;2016;0
DE;CK;44;2016;0
DE;CK;45;2016;0
DE;CK;46;2016;0
DE;CK;47;2016;0
DE;CK;48;2016;0
DE;CK;49;2016;0
DE;CK;50;2016;0
DE;CK;51;2016;0
DE;CK;52;2016;0
DE;CL;1;2016;0
DE;CL;2;2016;0
DE;CL;3;2016;0
DE;CL;4;2016;0
DE;CL;5;2016;0
DE;CL;6;2016;0
DE;CL;7;2016;0
DE;CL;8;2016;0
DE;CL;9;2016;0
DE;CL;10;2016;0
DE;CL;11;2016;0
DE;CL;12;2016;0
DE;CL;13;2016;0
DE;CL;14;2016;0
DE;CL;15;2016;0
DE;CL;16;2016;0
DE;CL;17;2016;0
DE;CL;18;2016;0
DE;CL;19;2016;0
DE;CL;20;2016;0
DE;CL;21;2016;0
DE;CL;22;2016;0
DE;CL;23;2016;0
DE;CL;24;2016;0
DE;CL;25;2016;0
DE;CL;26;2016;0
DE;CL;27;2016;0
DE;CL;28;2016;0
DE;CL;29;2016;0
DE;CL;30;2016;0
DE;CL;31;2016;0
DE;CL;32;2016;0
DE;CL;33;2016;0
DE;CL;34;2016;0
DE;CL;35;2016;0
DE;CL;36;2016;0
DE;CL;37;2016;0
DE;CL;38;2016;0
DE;CL;39;2016;0
DE;CL;40;2016;0
DE;CL;41;2016;0
DE;CL;42;2016;0
DE;CL;43;2016;0
DE;CL;44;2016;0
DE;CL;45;2016;0
DE;CL;46;2016;0
DE;CL;47;2016;0
DE;CL;48;2016;0
DE;CL;49;2016;0
DE;CL;50;2016;0
DE;CL;51;2016;0
DE;CL;52;2016;0
DE;CM;1;2016;0
DE;CM;2;2016;0
DE;CM;3;2016;0
DE;CM;4;2016;0
DE;CM;5;2016;0
DE;CM;6;2016;0
DE;CM;7;2016;0
DE;CM;8;2016;0
DE;CM;9;2016;0
DE;CM;10;2016;0
DE;CM;11;2016;0
DE;CM;12;2016;0
DE;CM;13;2016;0
DE;CM;14;2016;0
DE;CM;15;2016;0
DE;CM;16;2016;0
DE;CM;17;2016;0
DE;CM;18;2016;0
DE;CM;19;2016;0
DE;CM;20;2016;0
DE;CM;21;2016;0
DE;CM;22;2016;0
DE;CM;23;2016;0
DE;CM;24;2016;0
DE;CM;25;2016;0
DE;CM;26;2016;0
DE;CM;27;2016;0
DE;CM;28;2016;0
DE;CM;29;2016;0
DE;CM;30;2016;0
DE;CM;31;2016;0
DE;CM;32;2016;0
DE;CM;33;2016;0
DE;CM;34;2016;0
DE;CM;35;2016;0
DE;CM;36;2016;0
DE;CM;37;2016;0
DE;CM;38;2016;0
DE;CM;39;2016;0
DE;CM;40;2016;0
DE;CM;41;2016;0
DE;CM;42;2016;0
DE;CM;43;2016;0
DE;CM;44;2016;0
DE;CM;45;2016;0
DE;CM;46;2016;0
DE;CM;47;2016;0
DE;CM;48;2016;0
DE;CM;49;2016;0
DE;CM;50;2016;0
DE;CM;51;2016;0
DE;CM;52;2016;0
DE;CN;1;2016;630
DE;CN;2;2016;630
DE;CN;3;2016;630
DE;CN;4;2016;630
DE;CN;5;2016;630
DE;CN;6;2016;630
DE;CN;7;2016;630
DE;CN;8;2016;630
DE;CN;9;2016;630
DE;CN;10;2016;630
DE;CN;11;2016;630
DE;CN;12;2016;630
DE;CN;13;2016;630
DE;CN;14;2016;630
DE;CN;15;2016;630
DE;CN;16;2016;630
DE;CN;17;2016;630
DE;CN;18;2016;630
DE;CN;19;2016;630
DE;CN;20;2016;630
DE;CN;21;2016;630
DE;CN;22;2016;630
DE;CN;23;2016;630
DE;CN;24;2016;630
DE;CN;25;2016;630
DE;CN;26;2016;630
DE;CN;27;2016;630
DE;CN;28;2016;630
DE;CN;29;2016;630
DE;CN;30;2016;630
DE;CN;31;2016;630
DE;CN;32;2016;630
DE;CN;33;2016;630
DE;CN;34;2016;630
DE;CN;35;2016;630
DE;CN;36;2016;630
DE;CN;37;2016;630
DE;CN;38;2016;630
DE;CN;39;2016;630
DE;CN;40;2016;630
DE;CN;41;2016;630
DE;CN;42;2016;630
DE;CN;43;2016;630
DE;CN;44;2016;630
DE;CN;45;2016;630
DE;CN;46;2016;630
DE;CN;47;2016;630
DE;CN;48;2016;630
DE;CN;49;2016;630
DE;CN;50;2016;630
DE;CN;51;2016;630
DE;CN;52;2016;630
DE;CO;1;2016;105
DE;CO;2;2016;105
DE;CO;3;2016;105
DE;CO;4;2016;105
DE;CO;5;2016;105
DE;CO;6;2016;105
DE;CO;7;2016;105
DE;CO;8;2016;105
DE;CO;9;2016;105
DE;CO;10;2016;105
DE;CO;11;2016;105
DE;CO;12;2016;105
DE;CO;13;2016;105
DE;CO;14;2016;105
DE;CO;15;2016;105
DE;CO;16;2016;105
DE;CO;17;2016;105
DE;CO;18;2016;105
DE;CO;19;2016;105
DE;CO;20;2016;105
DE;CO;21;2016;105
DE;CO;22;2016;105
DE;CO;23;2016;105
DE;CO;24;2016;105
DE;CO;25;2016;105
DE;CO;26;2016;105
DE;CO;27;2016;105
DE;CO;28;2016;105
DE;CO;29;2016;105
DE;CO;30;2016;105
DE;CO;31;2016;105
DE;CO;32;2016;105
DE;CO;33;2016;105
DE;CO;34;2016;105
DE;CO;35;2016;105
DE;CO;36;2016;105
DE;CO;37;2016;105
DE;CO;38;2016;105
DE;CO;39;2016;105
DE;CO;40;2016;105
DE;CO;41;2016;105
DE;CO;42;2016;105
DE;CO;43;2016;105
DE;CO;44;2016;105
DE;CO;45;2016;105
DE;CO;46;2016;105
DE;CO;47;2016;105
DE;CO;48;2016;105
DE;CO;49;2016;105
DE;CO;50;2016;105
DE;CO;51;2016;105
DE;CO;52;2016;105
DE;CR;1;2016;0
DE;CR;2;2016;0
DE;CR;3;2016;0
DE;CR;4;2016;0
DE;CR;5;2016;0
DE;CR;6;2016;0
DE;CR;7;2016;0
DE;CR;8;2016;0
DE;CR;9;2016;0
DE;CR;10;2016;0
DE;CR;11;2016;0
DE;CR;12;2016;0
DE;CR;13;2016;0
DE;CR;14;2016;0
DE;CR;15;2016;0
DE;CR;16;2016;0
DE;CR;17;2016;0
DE;CR;18;2016;0
DE;CR;19;2016;0
DE;CR;20;2016;0
DE;CR;21;2016;0
DE;CR;22;2016;0
DE;CR;23;2016;0
DE;CR;24;2016;0
DE;CR;25;2016;0
DE;CR;26;2016;0
DE;CR;27;2016;0
DE;CR;28;2016;0
DE;CR;29;2016;0
DE;CR;30;2016;0
DE;CR;31;2016;0
DE;CR;32;2016;0
DE;CR;33;2016;0
DE;CR;34;2016;0
DE;CR;35;2016;0
DE;CR;36;2016;0
DE;CR;37;2016;0
DE;CR;38;2016;0
DE;CR;39;2016;0
DE;CR;40;2016;0
DE;CR;41;2016;0
DE;CR;42;2016;0
DE;CR;43;2016;0
DE;CR;44;2016;0
DE;CR;45;2016;0
DE;CR;46;2016;0
DE;CR;47;2016;0
DE;CR;48;2016;0
DE;CR;49;2016;0
DE;CR;50;2016;0
DE;CR;51;2016;0
DE;CR;52;2016;0
DE;CU;1;2016;105
DE;CU;2;2016;105
DE;CU;3;2016;105
DE;CU;4;2016;105
DE;CU;5;2016;105
DE;CU;6;2016;105
DE;CU;7;2016;105
DE;CU;8;2016;105
DE;CU;9;2016;105
DE;CU;10;2016;105
DE;CU;11;2016;105
DE;CU;12;2016;105
DE;CU;13;2016;105
DE;CU;14;2016;105
DE;CU;15;2016;105
DE;CU;16;2016;105
DE;CU;17;2016;105
DE;CU;18;2016;105
DE;CU;19;2016;105
DE;CU;20;2016;105
DE;CU;21;2016;105
DE;CU;22;2016;105
DE;CU;23;2016;105
DE;CU;24;2016;105
DE;CU;25;2016;105
DE;CU;26;2016;105
DE;CU;27;2016;105
DE;CU;28;2016;105
DE;CU;29;2016;105
DE;CU;30;2016;105
DE;CU;31;2016;105
DE;CU;32;2016;105
DE;CU;33;2016;105
DE;CU;34;2016;105
DE;CU;35;2016;105
DE;CU;36;2016;105
DE;CU;37;2016;105
DE;CU;38;2016;105
DE;CU;39;2016;105
DE;CU;40;2016;105
DE;CU;41;2016;105
DE;CU;42;2016;105
DE;CU;43;2016;105
DE;CU;44;2016;105
DE;CU;45;2016;105
DE;CU;46;2016;105
DE;CU;47;2016;105
DE;CU;48;2016;105
DE;CU;49;2016;105
DE;CU;50;2016;105
DE;CU;51;2016;105
DE;CU;52;2016;105
DE;CV;1;2016;0
DE;CV;2;2016;0
DE;CV;3;2016;0
DE;CV;4;2016;0
DE;CV;5;2016;0
DE;CV;6;2016;0
DE;CV;7;2016;0
DE;CV;8;2016;0
DE;CV;9;2016;0
DE;CV;10;2016;0
DE;CV;11;2016;0
DE;CV;12;2016;0
DE;CV;13;2016;0
DE;CV;14;2016;0
DE;CV;15;2016;0
DE;CV;16;2016;0
DE;CV;17;2016;0
DE;CV;18;2016;0
DE;CV;19;2016;0
DE;CV;20;2016;0
DE;CV;21;2016;0
DE;CV;22;2016;0
DE;CV;23;2016;0
DE;CV;24;2016;0
DE;CV;25;2016;0
DE;CV;26;2016;0
DE;CV;27;2016;0
DE;CV;28;2016;0
DE;CV;29;2016;0
DE;CV;30;2016;0
DE;CV;31;2016;0
DE;CV;32;2016;0
DE;CV;33;2016;0
DE;CV;34;2016;0
DE;CV;35;2016;0
DE;CV;36;2016;0
DE;CV;37;2016;0
DE;CV;38;2016;0
DE;CV;39;2016;0
DE;CV;40;2016;0
DE;CV;41;2016;0
DE;CV;42;2016;0
DE;CV;43;2016;0
DE;CV;44;2016;0
DE;CV;45;2016;0
DE;CV;46;2016;0
DE;CV;47;2016;0
DE;CV;48;2016;0
DE;CV;49;2016;0
DE;CV;50;2016;0
DE;CV;51;2016;0
DE;CV;52;2016;0
DE;CW;1;2016;0
DE;CW;2;2016;0
DE;CW;3;2016;0
DE;CW;4;2016;0
DE;CW;5;2016;0
DE;CW;6;2016;0
DE;CW;7;2016;0
DE;CW;8;2016;0
DE;CW;9;2016;0
DE;CW;10;2016;0
DE;CW;11;2016;0
DE;CW;12;2016;0
DE;CW;13;2016;0
DE;CW;14;2016;0
DE;CW;15;2016;0
DE;CW;16;2016;0
DE;CW;17;2016;0
DE;CW;18;2016;0
DE;CW;19;2016;0
DE;CW;20;2016;0
DE;CW;21;2016;0
DE;CW;22;2016;0
DE;CW;23;2016;0
DE;CW;24;2016;0
DE;CW;25;2016;0
DE;CW;26;2016;0
DE;CW;27;2016;0
DE;CW;28;2016;0
DE;CW;29;2016;0
DE;CW;30;2016;0
DE;CW;31;2016;0
DE;CW;32;2016;0
DE;CW;33;2016;0
DE;CW;34;2016;0
DE;CW;35;2016;0
DE;CW;36;2016;0
DE;CW;37;2016;0
DE;CW;38;2016;0
DE;CW;39;2016;0
DE;CW;40;2016;0
DE;CW;41;2016;0
DE;CW;42;2016;0
DE;CW;43;2016;0
DE;CW;44;2016;0
DE;CW;45;2016;0
DE;CW;46;2016;0
DE;CW;47;2016;0
DE;CW;48;2016;0
DE;CW;49;2016;0
DE;CW;50;2016;0
DE;CW;51;2016;0
DE;CW;52;2016;0
DE;CX;1;2016;0
DE;CX;2;2016;0
DE;CX;3;2016;0
DE;CX;4;2016;0
DE;CX;5;2016;0
DE;CX;6;2016;0
DE;CX;7;2016;0
DE;CX;8;2016;0
DE;CX;9;2016;0
DE;CX;10;2016;0
DE;CX;11;2016;0
DE;CX;12;2016;0
DE;CX;13;2016;0
DE;CX;14;2016;0
DE;CX;15;2016;0
DE;CX;16;2016;0
DE;CX;17;2016;0
DE;CX;18;2016;0
DE;CX;19;2016;0
DE;CX;20;2016;0
DE;CX;21;2016;0
DE;CX;22;2016;0
DE;CX;23;2016;0
DE;CX;24;2016;0
DE;CX;25;2016;0
DE;CX;26;2016;0
DE;CX;27;2016;0
DE;CX;28;2016;0
DE;CX;29;2016;0
DE;CX;30;2016;0
DE;CX;31;2016;0
DE;CX;32;2016;0
DE;CX;33;2016;0
DE;CX;34;2016;0
DE;CX;35;2016;0
DE;CX;36;2016;0
DE;CX;37;2016;0
DE;CX;38;2016;0
DE;CX;39;2016;0
DE;CX;40;2016;0
DE;CX;41;2016;0
DE;CX;42;2016;0
DE;CX;43;2016;0
DE;CX;44;2016;0
DE;CX;45;2016;0
DE;CX;46;2016;0
DE;CX;47;2016;0
DE;CX;48;2016;0
DE;CX;49;2016;0
DE;CX;50;2016;0
DE;CX;51;2016;0
DE;CX;52;2016;0
DE;CY;1;2016;210
DE;CY;2;2016;210
DE;CY;3;2016;210
DE;CY;4;2016;210
DE;CY;5;2016;210
DE;CY;6;2016;210
DE;CY;7;2016;210
DE;CY;8;2016;210
DE;CY;9;2016;210
DE;CY;10;2016;210
DE;CY;11;2016;210
DE;CY;12;2016;210
DE;CY;13;2016;210
DE;CY;14;2016;210
DE;CY;15;2016;210
DE;CY;16;2016;210
DE;CY;17;2016;210
DE;CY;18;2016;210
DE;CY;19;2016;210
DE;CY;20;2016;210
DE;CY;21;2016;210
DE;CY;22;2016;210
DE;CY;23;2016;210
DE;CY;24;2016;210
DE;CY;25;2016;210
DE;CY;26;2016;210
DE;CY;27;2016;210
DE;CY;28;2016;210
DE;CY;29;2016;210
DE;CY;30;2016;210
DE;CY;31;2016;210
DE;CY;32;2016;210
DE;CY;33;2016;210
DE;CY;34;2016;210
DE;CY;35;2016;210
DE;CY;36;2016;210
DE;CY;37;2016;210
DE;CY;38;2016;210
DE;CY;39;2016;210
DE;CY;40;2016;210
DE;CY;41;2016;210
DE;CY;42;2016;210
DE;CY;43;2016;210
DE;CY;44;2016;210
DE;CY;45;2016;210
DE;CY;46;2016;210
DE;CY;47;2016;210
DE;CY;48;2016;210
DE;CY;49;2016;210
DE;CY;50;2016;210
DE;CY;51;2016;210
DE;CY;52;2016;210
DE;CZ;1;2016;315
DE;CZ;2;2016;315
DE;CZ;3;2016;315
DE;CZ;4;2016;315
DE;CZ;5;2016;315
DE;CZ;6;2016;315
DE;CZ;7;2016;315
DE;CZ;8;2016;315
DE;CZ;9;2016;315
DE;CZ;10;2016;315
DE;CZ;11;2016;315
DE;CZ;12;2016;315
DE;CZ;13;2016;315
DE;CZ;14;2016;315
DE;CZ;15;2016;315
DE;CZ;16;2016;315
DE;CZ;17;2016;315
DE;CZ;18;2016;315
DE;CZ;19;2016;315
DE;CZ;20;2016;315
DE;CZ;21;2016;315
DE;CZ;22;2016;315
DE;CZ;23;2016;315
DE;CZ;24;2016;315
DE;CZ;25;2016;315
DE;CZ;26;2016;315
DE;CZ;27;2016;315
DE;CZ;28;2016;315
DE;CZ;29;2016;315
DE;CZ;30;2016;315
DE;CZ;31;2016;315
DE;CZ;32;2016;315
DE;CZ;33;2016;315
DE;CZ;34;2016;315
DE;CZ;35;2016;315
DE;CZ;36;2016;315
DE;CZ;37;2016;315
DE;CZ;38;2016;315
DE;CZ;39;2016;315
DE;CZ;40;2016;315
DE;CZ;41;2016;315
DE;CZ;42;2016;315
DE;CZ;43;2016;315
DE;CZ;44;2016;315
DE;CZ;45;2016;315
DE;CZ;46;2016;315
DE;CZ;47;2016;315
DE;CZ;48;2016;315
DE;CZ;49;2016;315
DE;CZ;50;2016;315
DE;CZ;51;2016;315
DE;CZ;52;2016;315
DE;DJ;1;2016;0
DE;DJ;2;2016;0
DE;DJ;3;2016;0
DE;DJ;4;2016;0
DE;DJ;5;2016;0
DE;DJ;6;2016;0
DE;DJ;7;2016;0
DE;DJ;8;2016;0
DE;DJ;9;2016;0
DE;DJ;10;2016;0
DE;DJ;11;2016;0
DE;DJ;12;2016;0
DE;DJ;13;2016;0
DE;DJ;14;2016;0
DE;DJ;15;2016;0
DE;DJ;16;2016;0
DE;DJ;17;2016;0
DE;DJ;18;2016;0
DE;DJ;19;2016;0
DE;DJ;20;2016;0
DE;DJ;21;2016;0
DE;DJ;22;2016;0
DE;DJ;23;2016;0
DE;DJ;24;2016;0
DE;DJ;25;2016;0
DE;DJ;26;2016;0
DE;DJ;27;2016;0
DE;DJ;28;2016;0
DE;DJ;29;2016;0
DE;DJ;30;2016;0
DE;DJ;31;2016;0
DE;DJ;32;2016;0
DE;DJ;33;2016;0
DE;DJ;34;2016;0
DE;DJ;35;2016;0
DE;DJ;36;2016;0
DE;DJ;37;2016;0
DE;DJ;38;2016;0
DE;DJ;39;2016;0
DE;DJ;40;2016;0
DE;DJ;41;2016;0
DE;DJ;42;2016;0
DE;DJ;43;2016;0
DE;DJ;44;2016;0
DE;DJ;45;2016;0
DE;DJ;46;2016;0
DE;DJ;47;2016;0
DE;DJ;48;2016;0
DE;DJ;49;2016;0
DE;DJ;50;2016;0
DE;DJ;51;2016;0
DE;DJ;52;2016;0
DE;DK;1;2016;525
DE;DK;2;2016;525
DE;DK;3;2016;525
DE;DK;4;2016;525
DE;DK;5;2016;525
DE;DK;6;2016;525
DE;DK;7;2016;525
DE;DK;8;2016;525
DE;DK;9;2016;525
DE;DK;10;2016;525
DE;DK;11;2016;525
DE;DK;12;2016;525
DE;DK;13;2016;525
DE;DK;14;2016;525
DE;DK;15;2016;525
DE;DK;16;2016;525
DE;DK;17;2016;525
DE;DK;18;2016;525
DE;DK;19;2016;525
DE;DK;20;2016;525
DE;DK;21;2016;525
DE;DK;22;2016;525
DE;DK;23;2016;525
DE;DK;24;2016;525
DE;DK;25;2016;525
DE;DK;26;2016;525
DE;DK;27;2016;525
DE;DK;28;2016;525
DE;DK;29;2016;525
DE;DK;30;2016;525
DE;DK;31;2016;525
DE;DK;32;2016;525
DE;DK;33;2016;525
DE;DK;34;2016;525
DE;DK;35;2016;525
DE;DK;36;2016;525
DE;DK;37;2016;525
DE;DK;38;2016;525
DE;DK;39;2016;525
DE;DK;40;2016;525
DE;DK;41;2016;525
DE;DK;42;2016;525
DE;DK;43;2016;525
DE;DK;44;2016;525
DE;DK;45;2016;525
DE;DK;46;2016;525
DE;DK;47;2016;525
DE;DK;48;2016;525
DE;DK;49;2016;525
DE;DK;50;2016;525
DE;DK;51;2016;525
DE;DK;52;2016;525
DE;DM;1;2016;0
DE;DM;2;2016;0
DE;DM;3;2016;0
DE;DM;4;2016;0
DE;DM;5;2016;0
DE;DM;6;2016;0
DE;DM;7;2016;0
DE;DM;8;2016;0
DE;DM;9;2016;0
DE;DM;10;2016;0
DE;DM;11;2016;0
DE;DM;12;2016;0
DE;DM;13;2016;0
DE;DM;14;2016;0
DE;DM;15;2016;0
DE;DM;16;2016;0
DE;DM;17;2016;0
DE;DM;18;2016;0
DE;DM;19;2016;0
DE;DM;20;2016;0
DE;DM;21;2016;0
DE;DM;22;2016;0
DE;DM;23;2016;0
DE;DM;24;2016;0
DE;DM;25;2016;0
DE;DM;26;2016;0
DE;DM;27;2016;0
DE;DM;28;2016;0
DE;DM;29;2016;0
DE;DM;30;2016;0
DE;DM;31;2016;0
DE;DM;32;2016;0
DE;DM;33;2016;0
DE;DM;34;2016;0
DE;DM;35;2016;0
DE;DM;36;2016;0
DE;DM;37;2016;0
DE;DM;38;2016;0
DE;DM;39;2016;0
DE;DM;40;2016;0
DE;DM;41;2016;0
DE;DM;42;2016;0
DE;DM;43;2016;0
DE;DM;44;2016;0
DE;DM;45;2016;0
DE;DM;46;2016;0
DE;DM;47;2016;0
DE;DM;48;2016;0
DE;DM;49;2016;0
DE;DM;50;2016;0
DE;DM;51;2016;0
DE;DM;52;2016;0
DE;DO;1;2016;105
DE;DO;2;2016;105
DE;DO;3;2016;105
DE;DO;4;2016;105
DE;DO;5;2016;105
DE;DO;6;2016;105
DE;DO;7;2016;105
DE;DO;8;2016;105
DE;DO;9;2016;105
DE;DO;10;2016;105
DE;DO;11;2016;105
DE;DO;12;2016;105
DE;DO;13;2016;105
DE;DO;14;2016;105
DE;DO;15;2016;105
DE;DO;16;2016;105
DE;DO;17;2016;105
DE;DO;18;2016;105
DE;DO;19;2016;105
DE;DO;20;2016;105
DE;DO;21;2016;105
DE;DO;22;2016;105
DE;DO;23;2016;105
DE;DO;24;2016;105
DE;DO;25;2016;105
DE;DO;26;2016;105
DE;DO;27;2016;105
DE;DO;28;2016;105
DE;DO;29;2016;105
DE;DO;30;2016;105
DE;DO;31;2016;105
DE;DO;32;2016;105
DE;DO;33;2016;105
DE;DO;34;2016;105
DE;DO;35;2016;105
DE;DO;36;2016;105
DE;DO;37;2016;105
DE;DO;38;2016;105
DE;DO;39;2016;105
DE;DO;40;2016;105
DE;DO;41;2016;105
DE;DO;42;2016;105
DE;DO;43;2016;105
DE;DO;44;2016;105
DE;DO;45;2016;105
DE;DO;46;2016;105
DE;DO;47;2016;105
DE;DO;48;2016;105
DE;DO;49;2016;105
DE;DO;50;2016;105
DE;DO;51;2016;105
DE;DO;52;2016;105
DE;DZ;1;2016;210
DE;DZ;2;2016;210
DE;DZ;3;2016;210
DE;DZ;4;2016;210
DE;DZ;5;2016;210
DE;DZ;6;2016;210
DE;DZ;7;2016;210
DE;DZ;8;2016;210
DE;DZ;9;2016;210
DE;DZ;10;2016;210
DE;DZ;11;2016;210
DE;DZ;12;2016;210
DE;DZ;13;2016;210
DE;DZ;14;2016;210
DE;DZ;15;2016;210
DE;DZ;16;2016;210
DE;DZ;17;2016;210
DE;DZ;18;2016;210
DE;DZ;19;2016;210
DE;DZ;20;2016;210
DE;DZ;21;2016;210
DE;DZ;22;2016;210
DE;DZ;23;2016;210
DE;DZ;24;2016;210
DE;DZ;25;2016;210
DE;DZ;26;2016;210
DE;DZ;27;2016;210
DE;DZ;28;2016;210
DE;DZ;29;2016;210
DE;DZ;30;2016;210
DE;DZ;31;2016;210
DE;DZ;32;2016;210
DE;DZ;33;2016;210
DE;DZ;34;2016;210
DE;DZ;35;2016;210
DE;DZ;36;2016;210
DE;DZ;37;2016;210
DE;DZ;38;2016;210
DE;DZ;39;2016;210
DE;DZ;40;2016;210
DE;DZ;41;2016;210
DE;DZ;42;2016;210
DE;DZ;43;2016;210
DE;DZ;44;2016;210
DE;DZ;45;2016;210
DE;DZ;46;2016;210
DE;DZ;47;2016;210
DE;DZ;48;2016;210
DE;DZ;49;2016;210
DE;DZ;50;2016;210
DE;DZ;51;2016;210
DE;DZ;52;2016;210
DE;EC;1;2016;105
DE;EC;2;2016;105
DE;EC;3;2016;105
DE;EC;4;2016;105
DE;EC;5;2016;105
DE;EC;6;2016;105
DE;EC;7;2016;105
DE;EC;8;2016;105
DE;EC;9;2016;105
DE;EC;10;2016;105
DE;EC;11;2016;105
DE;EC;12;2016;105
DE;EC;13;2016;105
DE;EC;14;2016;105
DE;EC;15;2016;105
DE;EC;16;2016;105
DE;EC;17;2016;105
DE;EC;18;2016;105
DE;EC;19;2016;105
DE;EC;20;2016;105
DE;EC;21;2016;105
DE;EC;22;2016;105
DE;EC;23;2016;105
DE;EC;24;2016;105
DE;EC;25;2016;105
DE;EC;26;2016;105
DE;EC;27;2016;105
DE;EC;28;2016;105
DE;EC;29;2016;105
DE;EC;30;2016;105
DE;EC;31;2016;105
DE;EC;32;2016;105
DE;EC;33;2016;105
DE;EC;34;2016;105
DE;EC;35;2016;105
DE;EC;36;2016;105
DE;EC;37;2016;105
DE;EC;38;2016;105
DE;EC;39;2016;105
DE;EC;40;2016;105
DE;EC;41;2016;105
DE;EC;42;2016;105
DE;EC;43;2016;105
DE;EC;44;2016;105
DE;EC;45;2016;105
DE;EC;46;2016;105
DE;EC;47;2016;105
DE;EC;48;2016;105
DE;EC;49;2016;105
DE;EC;50;2016;105
DE;EC;51;2016;105
DE;EC;52;2016;105
DE;EE;1;2016;105
DE;EE;2;2016;105
DE;EE;3;2016;105
DE;EE;4;2016;105
DE;EE;5;2016;105
DE;EE;6;2016;105
DE;EE;7;2016;105
DE;EE;8;2016;105
DE;EE;9;2016;105
DE;EE;10;2016;105
DE;EE;11;2016;105
DE;EE;12;2016;105
DE;EE;13;2016;105
DE;EE;14;2016;105
DE;EE;15;2016;105
DE;EE;16;2016;105
DE;EE;17;2016;105
DE;EE;18;2016;105
DE;EE;19;2016;105
DE;EE;20;2016;105
DE;EE;21;2016;105
DE;EE;22;2016;105
DE;EE;23;2016;105
DE;EE;24;2016;105
DE;EE;25;2016;105
DE;EE;26;2016;105
DE;EE;27;2016;105
DE;EE;28;2016;105
DE;EE;29;2016;105
DE;EE;30;2016;105
DE;EE;31;2016;105
DE;EE;32;2016;105
DE;EE;33;2016;105
DE;EE;34;2016;105
DE;EE;35;2016;105
DE;EE;36;2016;105
DE;EE;37;2016;105
DE;EE;38;2016;105
DE;EE;39;2016;105
DE;EE;40;2016;105
DE;EE;41;2016;105
DE;EE;42;2016;105
DE;EE;43;2016;105
DE;EE;44;2016;105
DE;EE;45;2016;105
DE;EE;46;2016;105
DE;EE;47;2016;105
DE;EE;48;2016;105
DE;EE;49;2016;105
DE;EE;50;2016;105
DE;EE;51;2016;105
DE;EE;52;2016;105
